Workbook

Sheet Calculator Dashboard
B2: ⚡ PFI POWER FACTOR CAPACITOR BANK DIAGNOSTIC
B5: Bill-Based Power Factor Assessment | Power Quality & Energy Optimization
B7: BILL DATA | H7: CALCULATION RESULTS
B9: Energy - Peak (kWh) | G9: =Calculation Engine!B8 | H9: ="CURRENT PF"&CHAR(10)&TEXT(G9,"0.000")
B10: Energy - Off Peak (kWh)
B11: Reactive Energy - Peak (kVARh) | G11: =Calculation Engine!B13 | H11: ="REQUIRED CAPACITOR CAPACITY"&CHAR(10)&TEXT(G11,"0.0")&" kVAR"
B12: Reactive Energy - Off Peak (kVARh)
B13: Desired Power Factor | C13: 0.95 | G13: =Calculation Engine!B20 | H13: ="RECOMMENDED CAPACITOR BANK"&CHAR(10)&G13
B16: STATUS
B18: =IF(G9=0,"Enter bill values to calculate.",IF(G9>=C13,"✓ PF is at or above the desired target.","⚠ PF is below the desired target — capacitor compensation is recommended."))
B21: EXISTING CAPACITOR BANK
B23: Do you already have a capacitor bank? | C23: No
B25: 100 kVAR | C25: 0 | E25: 50 kVAR | F25: 0 | H25: 25 kVAR | I25: 0 | K25: 12.5 kVAR | L25: 0
B28: 7.5 kVAR | C28: 0 | E28: 5 kVAR | F28: 0 | H28: 3.5 kVAR | I28: 0 | K28: 2.5 kVAR | L28: 0
B31: Installed Capacity (kVAR) | C31: =SUMPRODUCT(B27:E27,{100,50,25,12.5})+SUMPRODUCT(B30:E30,{7.5,5,3.5,2.5})
B34: TRANSFORMER ENERGIZED / FACTORY SHUTDOWN
B36: Factory load during shutdown (kW) | C36: 0
B37: Transformer rating (kVA) | C37: 0
B38: Estimated no-load reactive requirement (kVAR) | C38: =IF(C37<=0,0,C37*0.10)
B39: Recommended no-load capacitor step | C39: =IF(C38<=0,0,IF(C38<=2.5,2.5,IF(C38<=3.5,3.5,IF(C38<=5,5,IF(C38<=7.5,7.5,IF(C38<=12.5,12.5,IF(C38<=25,25,IF(C38<=50,50,IF(C38<=100,100,CEILING(C38,7.5))))))))))
B41: Engineering note:
B42: Transformer no-load requirement is an estimate based on rating and a generic 10% reactive assumption. Actual test data may differ.
B45: SOLAR PV / PF CONTROLLER CHECK
B47: Does customer have Solar PV? | C47: No
B48: PF controller CT location | C48: Upstream of Solar connection
B50: For detailed assessment or further consultation, contact the PFI Team: powerfactor@gmail.com

Sheet Calculation Engine
A1: Calculation Engine
A2: Total Active Energy | B2: ='Calculator Dashboard'!C9+'Calculator Dashboard'!C10
A3: Total Reactive Energy | B3: ='Calculator Dashboard'!C11+'Calculator Dashboard'!C12
A4: Current PF | B4: =IFERROR(B2/SQRT(B2^2+B3^2),0)
A5: Desired PF | B5: ='Calculator Dashboard'!C13
A6: Target Reactive Component | B6: =IFERROR(B2*TAN(ACOS(B5)),0)
A7: Required Compensation | B7: =MAX(0,B3-B6)
A8: Current PF | B8: =B4
A13: Required Capacitor Capacity | B13: =B7
A15: Step 100 | B15: =INT(B13/100)
A16: Step 50 | B16: =INT((B13-B15*100)/50)
A17: Step 25 | B17: =INT((B13-B15*100-B16*50)/25)
A18: Step 12.5 | B18: =INT((B13-B15*100-B16*50-B17*25)/12.5)
A19: Residual | B19: =B13-B15*100-B16*50-B17*25-B18*12.5
A20: Recommendation | B20: =IF(B13<=0,"No additional capacity required",IF(B15>0,B15&" × 100 kVAR ","")&IF(B16>0,B16&" × 50 kVAR ","")&IF(B17>0,B17&" × 25 kVAR ","")&IF(B18>0,B18&" × 12.5 kVAR ","")&IF(B19>0,"+ small-step trim",""))

Sheet Assumptions & Notes
A1: Assumptions & Notes
A3: Current PF is estimated from total monthly active and reactive energy.
A4: Required compensation is calculated from current reactive component versus the reactive component corresponding to desired PF.
A5: Recommended capacitor steps are practical nominal sizes: 100, 50, 25, 12.5, 7.5, 5, 3.5 and 2.5 kVAR.
A6: Transformer no-load estimate uses a generic 10% reactive assumption and should be treated as an estimate.
A7: Actual site PF may differ due to load profile, harmonics, controller/CT issues, capacitor degradation, and operating conditions.
A8: This tool is for preliminary assessment and does not replace site measurement or detailed engineering study.
